# topic	sources	score	seen_in_sn	rising_flag
# generated 2026-09-28T10:38:37.821Z; n=40
which	sn:AskSN,sn:Stacker_Sports	6.01	no	RISING
playoff points challenge	sn:Stacker_Sports	5.77	no	RISING
what	hn,sn:AskSN	4.44	yes	
using bitcoin miners	sn:Permaculture	3.87	no	RISING
make maple syrup	sn:Permaculture	3.87	no	RISING
on anyon superconductivity	sn:AI	3.21	yes	
physics	sn:AI	3.21	yes	
permaculture homesteading	sn:Permaculture	3.15	no	RISING
bitcoin standard	sn:Permaculture	3.15	no	RISING
again	sn:meta	3.14	yes	
everything	sn:security	3.13	yes	
when	hn	3.12	no	RISING
google	hn	3.12	yes	
sunday	sn:Stacker_Sports	3.1	no	RISING
discussion thread	sn:Stacker_Sports	3.1	no	RISING
haleen	sn:art	3.07	no	RISING
sense of awe	sn:art	3.07	no	RISING
listen	sn:art	3.07	no	RISING
fountain	sn:art	3.07	no	RISING
music	sn:charts_and_maps	3.05	no	RISING
lula	sn:news	2.96	no	RISING
fixed-odds	sn:news	2.96	no	RISING
brazilian	sn:news	2.96	no	RISING
bills unplug	sn:Stacker_Sports	2.95	no	RISING
chargers	sn:Stacker_Sports	2.95	no	RISING
my three takeaways	sn:Stacker_Sports	2.95	no	RISING
wildcard series pick	sn:Stacker_Sports	2.95	no	RISING
week	sn:Stacker_Sports	2.94	no	RISING
survivor	sn:Stacker_Sports	2.94	no	RISING
owed	hn	2.86	no	RISING
nvidia	hn	2.86	no	RISING
seahawks	sn:Stacker_Sports	2.8	no	RISING
sunday survey	sn:bitcoin	2.76	yes	
your	sn:family	2.75	no	RISING
forestry	sn:Photography	2.73	no	RISING
daily putt	sn:gaming	2.69	no	RISING
play	sn:gaming	2.69	no	RISING
putt	sn:gaming	2.69	no	RISING
score	sn:gaming	2.69	no	RISING
denver broncos	sn:Stacker_Sports	2.69	no	RISING
