# refreshed_at	name	nitems	stacked	spent	streak
2026-09-28T12:33:31.639Z	k00b	50	149982	249863	1219
2026-09-28T12:33:31.639Z	Scoresby	93	133508	146091	483
2026-09-28T12:33:31.639Z	revhodl21	81	88287	77922	6
2026-09-28T12:33:31.639Z	Undisciplined	217	56329	80007	1098
2026-09-28T12:33:31.639Z	grayruby	240	51244	31599	1041
2026-09-28T12:33:31.639Z	BlokchainB	243	50349	146540	1077
2026-09-28T12:33:31.639Z	SimpleStacker	145	44189	9920	20
2026-09-28T12:33:31.639Z	denlillaapan	83	41061	24722	0
2026-09-28T12:33:31.639Z	Kruw	46	33961	165624	20
2026-09-28T12:33:31.639Z	guerratotal	52	32614	22672	81
2026-09-28T12:33:31.639Z	0xbitcoiner	91	31812	7002	1
2026-09-28T12:33:31.639Z	deadmanoz	6	18709	1038	0
2026-09-28T12:33:31.639Z	Aardvark	3	12669	669	0
2026-09-28T12:33:31.639Z	Bell_curve	11	12660	1845	0
2026-09-28T12:33:31.639Z	satoshiplanet	102	12223	12626	45
2026-09-28T12:33:31.639Z	satsie	4	11559	154	0
2026-09-28T12:33:31.639Z	katt	7	10669	370	0
2026-09-28T12:33:31.639Z	davidw	0	9248	0	0
2026-09-28T12:33:31.639Z	StillStackinAfterAllTheseYears	14	8498	1677	23
2026-09-28T12:33:31.639Z	Cje95	30	8340	1769	0
2026-09-28T12:33:31.639Z	Wumbo	5	8310	1640	88
2026-09-28T12:33:31.639Z	nout	1	7702	935	0
2026-09-28T12:33:31.639Z	gsc360	49	7593	3433	1
2026-09-28T12:33:31.639Z	realBitcoinDog	21	6478	640	0
2026-09-28T12:33:31.639Z	m0wer	19	6239	4893	0
2026-09-28T12:33:31.639Z	south_korea_ln	15	6223	2235	1
2026-09-28T12:33:31.639Z	cryotosensei	42	5437	2464	46
2026-09-28T12:33:31.639Z	justin_shocknet	44	5121	2275	0
2026-09-28T12:33:31.639Z	ch0k1	34	5110	3231	21
2026-09-28T12:33:31.639Z	Public_N_M_E	13	4965	1166	0
2026-09-28T12:33:31.639Z	zuspotirko	10	4921	2772	5
2026-09-28T12:33:31.639Z	schmidty	2	4784	160	0
2026-09-28T12:33:31.639Z	Rezanewj	11	4757	438	0
2026-09-28T12:33:31.639Z	evestacker	28	4379	147	0
2026-09-28T12:33:31.639Z	notifications	0	3993	0	0
2026-09-28T12:33:31.639Z	login	0	3913	0	0
2026-09-28T12:33:31.639Z	Kayzone	48	3868	2409	17
