# refreshed_at	name	stacked	active_subs
2026-09-28T12:33:31.639Z	k00b	149982	bitcoin,meta,tech,nostr
2026-09-28T12:33:31.639Z	Scoresby	133508	AMA
2026-09-28T12:33:31.639Z	revhodl21	88287	Permaculture
2026-09-28T12:33:31.639Z	Undisciplined	56329	econ
2026-09-28T12:33:31.639Z	grayruby	51244	Stacker_Sports
2026-09-28T12:33:31.639Z	BlokchainB	50349	Stacker_Stocks,history,Construction_and_Engineering
2026-09-28T12:33:31.639Z	SimpleStacker	44189	math
2026-09-28T12:33:31.639Z	denlillaapan	41061	
2026-09-28T12:33:31.639Z	Kruw	33961	Coinjoins,Quotes
2026-09-28T12:33:31.639Z	guerratotal	32614	AskSN,family
2026-09-28T12:33:31.639Z	0xbitcoiner	31812	
2026-09-28T12:33:31.639Z	deadmanoz	18709	
2026-09-28T12:33:31.639Z	Aardvark	12669	
2026-09-28T12:33:31.639Z	Bell_curve	12660	bitcoin_Mining
2026-09-28T12:33:31.639Z	satoshiplanet	12223	
2026-09-28T12:33:31.639Z	satsie	11559	
2026-09-28T12:33:31.639Z	katt	10669	
2026-09-28T12:33:31.639Z	davidw	9248	privacy
2026-09-28T12:33:31.639Z	StillStackinAfterAllTheseYears	8498	
2026-09-28T12:33:31.639Z	Cje95	8340	
